segment,country,product,units,sales,date_sold
Government,Canada,Carretera,1619,32370,
Government,Germany,Carretera,1321,26420,
Midmarket,France,Carretera,2178,32670,
Midmarket,Germany,Carretera,888,13320,
Midmarket,Mexico,Carretera,2470,37050,
Government,Germany,Carretera,1513,529550,
Midmarket,Germany,Montana,921,13815,
Channel Partners,Canada,Montana,2518,30216,
Government,France,Montana,1899,37980,
Channel Partners,Germany,Montana,1545,18540,
Midmarket,Mexico,Montana,2470,37050,
Enterprise,Canada,Montana,2666,333187.5,
Small Business,Mexico,Montana,958,287400,
Government,Germany,Montana,2146,15022,
Enterprise,Canada,Montana,345,43125,
Midmarket,United States of America,Montana,615,9225,
Government,Canada,Paseo,292,5840,
Midmarket,Mexico,Paseo,974,14610,
Channel Partners,Canada,Paseo,2518,30216,
Government,Germany,Paseo,1006,352100,
Channel Partners,Germany,Paseo,367,4404,
Government,Mexico,Paseo,883,6181,
Midmarket,France,Paseo,549,8235,
Small Business,Mexico,Paseo,788,236400,
Midmarket,Mexico,Paseo,2472,37080,
Government,United States of America,Paseo,1143,8001,
Government,Canada,Paseo,1725,603750,
Channel Partners,United States of America,Paseo,912,10944,
Midmarket,Canada,Paseo,2152,32280,
Government,Canada,Paseo,1817,36340,
Government,Germany,Paseo,1513,529550,
Government,Mexico,Velo,1493,10451,
Enterprise,France,Velo,1804,225500,
Channel Partners,Germany,Velo,2161,25932,
Government,Germany,Velo,1006,352100,
Channel Partners,Germany,Velo,1545,18540,
Enterprise,United States of America,Velo,2821,352625,
Enterprise,Canada,Velo,345,43125,
Small Business,Canada,VTT,2001,600300,
Channel Partners,Germany,VTT,2838,34056,
Midmarket,France,VTT,2178,32670,
Midmarket,Germany,VTT,888,13320,
Government,France,VTT,1527,534450,
Small Business,France,VTT,2151,645300,
Government,Canada,VTT,1817,36340,
Government,France,Amarilla,2750,962500,
Channel Partners,United States of America,Amarilla,1953,23436,
Enterprise,Germany,Amarilla,4220,527437.5,
Government,France,Amarilla,1899,37980,
Government,Germany,Amarilla,1686,11802,
Channel Partners,United States of America,Amarilla,2141,25692,
Government,United States of America,Amarilla,1143,8001,
Midmarket,United States of America,Amarilla,615,9225,
Government,France,Paseo,3945,27615,
Midmarket,France,Paseo,2296,34440,
Government,France,Paseo,1030,7210,
Government,France,Velo,639,4473,
Government,Canada,VTT,1326,9282,
Channel Partners,United States of America,Carretera,1858,22296,
Government,Mexico,Carretera,1210,423500,
Government,United States of America,Carretera,2529,17703,
Channel Partners,Canada,Carretera,1445,17340,
Enterprise,United States of America,Carretera,330,41250,
Channel Partners,France,Carretera,2671,32052,
Channel Partners,Germany,Carretera,766,9192,
Small Business,Mexico,Carretera,494,148200,
Government,Mexico,Carretera,1397,488950,
Government,France,Carretera,2155,754250,
Midmarket,Mexico,Montana,2214,33210,
Small Business,United States of America,Montana,2301,690300,
Government,France,Montana,1376,27510,
Government,Canada,Montana,1830,12810,
Small Business,United States of America,Montana,2498,749400,
Enterprise,United States of America,Montana,663,82875,
Midmarket,United States of America,Paseo,1514,22710,
Government,United States of America,Paseo,4493,31447.5,
Enterprise,United States of America,Paseo,727,90875,
Enterprise,France,Paseo,787,98375,
Enterprise,Mexico,Paseo,1823,227875,
Midmarket,Germany,Paseo,747,11205,
Channel Partners,Germany,Paseo,766,9192,
Small Business,United States of America,Paseo,2905,871500,
Government,France,Paseo,2155,754250,
Government,France,Velo,3864,77280,
Government,Mexico,Velo,362,2534,
Enterprise,Canada,Velo,923,115375,
Enterprise,United States of America,Velo,663,82875,
Government,Canada,Velo,2092,14644,
Government,Germany,VTT,263,1841,
Government,Canada,VTT,944,330225,
Enterprise,United States of America,VTT,727,90875,
Enterprise,France,VTT,787,98375,
Small Business,Germany,VTT,986,295800,
Small Business,Mexico,VTT,494,148200,
Government,Mexico,VTT,1397,488950,
Enterprise,France,VTT,1744,218000,
Channel Partners,United States of America,Amarilla,1989,23868,
Midmarket,France,Amarilla,321,4815,
Enterprise,Canada,Carretera,743,92812.5,
Channel Partners,Canada,Carretera,1295,15540,
Small Business,Germany,Carretera,214,64200,
Government,France,Carretera,2145,15015,
Government,Canada,Carretera,2852,998200,
Channel Partners,United States of America,Montana,1142,13704,
Government,United States of America,Montana,1566,31320,
Channel Partners,Mexico,Montana,690,8280,
Enterprise,Mexico,Montana,1660,207500,
Midmarket,Canada,Paseo,2363,35445,
Small Business,France,Paseo,918,275400,
Small Business,Germany,Paseo,1728,518400,
Channel Partners,United States of America,Paseo,1142,13704,
Enterprise,Mexico,Paseo,662,82750,
Channel Partners,Canada,Paseo,1295,15540,
Enterprise,Germany,Paseo,809,101125,
Enterprise,Mexico,Paseo,2145,268125,
Channel Partners,France,Paseo,1785,21420,
Small Business,Canada,Paseo,1916,574800,
Government,Canada,Paseo,2852,998200,
Enterprise,Canada,Paseo,2729,341125,
Midmarket,United States of America,Paseo,1925,28875,
Government,United States of America,Paseo,2013,14091,
Channel Partners,France,Paseo,1055,12660,
Channel Partners,Mexico,Paseo,1084,13008,
Government,United States of America,Velo,1566,31320,
Government,Germany,Velo,2966,1038100,
Government,Germany,Velo,2877,1006950,
Enterprise,Germany,Velo,809,101125,
Enterprise,Mexico,Velo,2145,268125,
Channel Partners,France,Velo,1055,12660,
Government,Mexico,Velo,544,10880,
Channel Partners,Mexico,Velo,1084,13008,
Enterprise,Mexico,VTT,662,82750,
Small Business,Germany,VTT,214,64200,
Government,Germany,VTT,2877,1006950,
Enterprise,Canada,VTT,2729,341125,
Government,United States of America,VTT,266,93100,
Government,Mexico,VTT,1940,679000,
Small Business,Germany,Amarilla,259,77700,
Small Business,Mexico,Amarilla,1101,330300,
Enterprise,Germany,Amarilla,2276,284500,
Government,Germany,Amarilla,2966,1038100,
Government,United States of America,Amarilla,1236,24720,
Government,France,Amarilla,941,18820,
Small Business,Canada,Amarilla,1916,574800,
Enterprise,France,Carretera,4244,530437.5,
Government,Germany,Carretera,2580,51600,
Small Business,Germany,Carretera,689,206700,
Channel Partners,United States of America,Carretera,1947,23364,
Channel Partners,Canada,Carretera,908,10896,
Government,Germany,Montana,1958,13706,
Channel Partners,France,Montana,1901,22812,
Government,France,Montana,544,3808,
Government,Germany,Montana,1797,628950,
Enterprise,France,Montana,1287,160875,
Enterprise,Germany,Montana,1706,213250,
Small Business,France,Paseo,2435,730350,
Enterprise,Canada,Paseo,1774,221750,
Channel Partners,France,Paseo,1901,22812,
Small Business,Germany,Paseo,689,206700,
Enterprise,Germany,Paseo,1570,196250,
Channel Partners,United States of America,Paseo,1370,16434,
Enterprise,Canada,Paseo,2009,251125,
Midmarket,Germany,Paseo,1945,29175,
Enterprise,France,Paseo,1287,160875,
Enterprise,Germany,Paseo,1706,213250,
Enterprise,Canada,Velo,2009,251125,
Small Business,United States of America,VTT,2844,853200,
Channel Partners,Mexico,VTT,1916,22992,
Enterprise,Germany,VTT,1570,196250,
Small Business,Canada,VTT,1874,562200,
Government,Mexico,VTT,1642,574700,
Midmarket,Germany,VTT,1945,29175,
Government,Canada,Carretera,831,16620,
Government,Mexico,Paseo,1760,12320,
Government,Canada,Velo,3851,77010,
Channel Partners,Germany,VTT,2479,29748,
Midmarket,Mexico,Montana,2031,30465,
Midmarket,Mexico,Paseo,2031,30465,
Midmarket,France,Paseo,2261,33915,
Government,United States of America,Velo,736,14720,
Government,Canada,Carretera,2851,19957,
Small Business,Germany,Carretera,2021,606300,
Government,United States of America,Carretera,274,95900,
Midmarket,Canada,Montana,1967,29505,
Small Business,Germany,Montana,1859,557700,
Government,Canada,Montana,2851,19957,
Small Business,Germany,Montana,2021,606300,
Enterprise,Mexico,Montana,1138,142250,
Government,Canada,Paseo,4251,29757,
Enterprise,Germany,Paseo,795,99375,
Small Business,Germany,Paseo,1415,424350,
Small Business,United States of America,Paseo,2918,875400,
Government,United States of America,Paseo,3450,1207500,
Enterprise,France,Paseo,2988,373500,
Midmarket,Canada,Paseo,218,3270,
Government,Canada,Paseo,2074,41480,
Government,United States of America,Paseo,1056,21120,
Midmarket,United States of America,Paseo,671,10065,
Midmarket,Mexico,Paseo,1514,22710,
Government,United States of America,Paseo,274,95900,
Enterprise,Mexico,Paseo,1138,142250,
Channel Partners,United States of America,Velo,1465,17580,
Government,Canada,Velo,2646,52920,
Government,France,Velo,2177,761950,
Channel Partners,France,VTT,866,10392,
Government,United States of America,VTT,349,122150,
Government,France,VTT,2177,761950,
Midmarket,Mexico,VTT,1514,22710,
Government,Mexico,Amarilla,1865,652750,
Enterprise,Mexico,Amarilla,1074,134250,
Government,Germany,Amarilla,1907,667450,
Midmarket,United States of America,Amarilla,671,10065,
Government,Canada,Amarilla,1778,622300,
Government,Germany,Montana,1159,8113,
Government,Germany,Paseo,1372,9604,
Government,Canada,Paseo,2349,16443,
Government,Mexico,Paseo,2689,18823,
Channel Partners,Canada,Paseo,2431,29172,
Channel Partners,Canada,Velo,2431,29172,
Government,Mexico,VTT,2689,18823,
Government,Mexico,Amarilla,1683,11781,
Channel Partners,Mexico,Amarilla,1123,13476,
Government,Germany,Amarilla,1159,8113,
Channel Partners,France,Carretera,1865,22380,
Channel Partners,Germany,Carretera,1116,13392,
Government,France,Carretera,1563,31260,
Small Business,United States of America,Carretera,991,297300,
Government,Germany,Carretera,1016,7112,
Midmarket,Mexico,Carretera,2791,41865,
Government,United States of America,Carretera,570,3990,
Government,France,Carretera,2487,17409,
Government,France,Montana,1385,484575,
Enterprise,United States of America,Montana,3627,453375,
Government,Mexico,Montana,720,252000,
Channel Partners,Germany,Montana,2342,28104,
Small Business,Mexico,Montana,1100,330000,
Government,France,Paseo,1303,26060,
Enterprise,United States of America,Paseo,2992,374000,
Enterprise,France,Paseo,2385,298125,
Small Business,Mexico,Paseo,1607,482100,
Government,United States of America,Paseo,2327,16289,
Small Business,United States of America,Paseo,991,297300,
Government,United States of America,Paseo,602,210700,
Midmarket,France,Paseo,2620,39300,
Government,Canada,Paseo,1228,429800,
Government,Canada,Paseo,1389,27780,
Enterprise,United States of America,Paseo,861,107625,
Enterprise,France,Paseo,704,88000,
Government,Canada,Paseo,1802,36040,
Government,United States of America,Paseo,2663,53260,
Government,France,Paseo,2136,14952,
Midmarket,Germany,Paseo,2116,31740,
Midmarket,United States of America,Velo,555,8325,
Midmarket,Mexico,Velo,2861,42915,
Enterprise,Germany,Velo,807,100875,
Government,United States of America,Velo,602,210700,
Government,United States of America,Velo,2832,56640,
Government,France,Velo,1579,31580,
Enterprise,United States of America,Velo,861,107625,
Enterprise,France,Velo,704,88000,
Government,France,Velo,1033,20660,
Small Business,Germany,Velo,1250,375000,
Government,Canada,VTT,1389,27780,
Government,United States of America,VTT,1265,25300,
Government,Germany,VTT,2297,45940,
Government,United States of America,VTT,2663,53260,
Government,United States of America,VTT,570,3990,
Government,France,VTT,2487,17409,
Government,Germany,Amarilla,1350,472500,
Government,Canada,Amarilla,552,193200,
Government,Canada,Amarilla,1228,429800,
Small Business,Germany,Amarilla,1250,375000,
Midmarket,France,Paseo,3801,57015,
Government,United States of America,Carretera,1118,22350,
Midmarket,Canada,Carretera,2844,42660,
Channel Partners,Mexico,Carretera,562,6744,
Channel Partners,Canada,Carretera,2299,27588,
Midmarket,United States of America,Carretera,2030,30450,
Government,United States of America,Carretera,263,1841,
Enterprise,Germany,Carretera,887,110875,
Government,Mexico,Montana,980,343000,
Government,Germany,Montana,1460,511000,
Government,France,Montana,1403,9821,
Channel Partners,United States of America,Montana,2723,32676,
Government,France,Paseo,1496,523600,
Channel Partners,Canada,Paseo,2299,27588,
Government,United States of America,Paseo,727,254450,
Enterprise,Canada,Velo,952,119000,
Enterprise,United States of America,Velo,2755,344375,
Midmarket,Germany,Velo,1530,22950,
Government,France,Velo,1496,523600,
Government,Mexico,Velo,1498,10486,
Small Business,France,Velo,1221,366300,
Government,France,Velo,2076,726600,
Midmarket,Canada,VTT,2844,42660,
Government,Mexico,VTT,1498,10486,
Small Business,France,VTT,1221,366300,
Government,Mexico,VTT,1123,22460,
Small Business,Canada,VTT,2436,730800,
Enterprise,France,Amarilla,1988,248437.5,
Government,Mexico,Amarilla,1679,587650,
Government,United States of America,Amarilla,727,254450,
Government,France,Amarilla,1403,9821,
Government,France,Amarilla,2076,726600,
Government,France,Montana,1757,35140,
Midmarket,United States of America,Paseo,2198,32970,
Midmarket,Germany,Paseo,1743,26145,
Midmarket,United States of America,Paseo,1153,17295,
Government,France,Paseo,1757,35140,
Government,Germany,Velo,1001,20020,
Government,Mexico,Velo,1333,9331,
Midmarket,United States of America,VTT,1153,17295,
Channel Partners,Mexico,Carretera,727,8724,
Channel Partners,Canada,Carretera,1884,22608,
Government,Mexico,Carretera,1834,36680,
Channel Partners,Mexico,Montana,2340,28080,
Channel Partners,France,Montana,2342,28104,
Government,France,Paseo,1031,7217,
Midmarket,Canada,Velo,1262,18930,
Government,Canada,Velo,1135,7945,
Government,United States of America,Velo,547,3829,
Government,Canada,Velo,1582,11074,
Channel Partners,France,VTT,1739,20862,
Channel Partners,Germany,VTT,2215,26580,
Government,Canada,VTT,1582,11074,
Government,Canada,Amarilla,1135,7945,
Government,United States of America,Carretera,1761,616350,
Small Business,France,Carretera,448,134400,
Small Business,France,Carretera,2181,654300,
Government,France,Montana,1976,39520,
Small Business,France,Montana,2181,654300,
Enterprise,Germany,Montana,2500,312500,
Small Business,Canada,Paseo,1702,510600,
Small Business,France,Paseo,448,134400,
Enterprise,Germany,Paseo,3513,439125,
Midmarket,France,Paseo,2101,31515,
Midmarket,United States of America,Paseo,2931,43965,
Government,France,Paseo,1535,30700,
Small Business,Germany,Paseo,1123,336900,
Small Business,Canada,Paseo,1404,421200,
Channel Partners,Mexico,Paseo,2763,33156,
Government,Germany,Paseo,2125,14875,
Small Business,France,Velo,1659,497700,
Government,Mexico,Velo,609,12180,
Enterprise,Germany,Velo,2087,260875,
Government,France,Velo,1976,39520,
Government,United States of America,Velo,1421,28420,
Small Business,United States of America,Velo,1372,411600,
Government,Germany,Velo,588,11760,
Channel Partners,Canada,VTT,3245,38934,
Small Business,France,VTT,959,287700,
Small Business,Mexico,VTT,2747,824100,
Enterprise,Canada,Amarilla,1645,205625,
Government,France,Amarilla,2876,1006600,
Enterprise,Germany,Amarilla,994,124250,
Government,Canada,Amarilla,1118,22360,
Small Business,United States of America,Amarilla,1372,411600,
Government,Canada,Montana,488,3416,
Government,United States of America,Montana,1282,25640,
Government,Canada,Paseo,257,1799,
Government,United States of America,Amarilla,1282,25640,
Enterprise,Mexico,Carretera,1540,192500,
Midmarket,France,Carretera,490,7350,
Government,Mexico,Carretera,1362,476700,
Midmarket,France,Montana,2501,37515,
Government,Canada,Montana,708,14160,
Government,Germany,Montana,645,12900,
Small Business,France,Montana,1562,468600,
Small Business,Canada,Montana,1283,384900,
Midmarket,Germany,Montana,711,10665,
Enterprise,Mexico,Paseo,1114,139250,
Government,Germany,Paseo,1259,8813,
Government,Germany,Paseo,1095,7665,
Government,Germany,Paseo,1366,27320,
Small Business,Mexico,Paseo,2460,738000,
Government,United States of America,Paseo,678,4746,
Government,Germany,Paseo,1598,11186,
Government,Germany,Paseo,2409,16863,
Government,Germany,Paseo,1934,38680,
Government,Mexico,Paseo,2993,59860,
Government,Germany,Paseo,2146,751100,
Government,Mexico,Paseo,1946,13622,
Government,Mexico,Paseo,1362,476700,
Channel Partners,Canada,Velo,598,7176,
Government,United States of America,Velo,2907,20349,
Government,Germany,Velo,2338,16366,
Small Business,France,Velo,386,115800,
Small Business,Mexico,Velo,635,190500,
Government,France,VTT,575,201075,
Government,Germany,VTT,2338,16366,
Government,France,VTT,381,133350,
Government,Germany,VTT,422,147700,
Small Business,Canada,VTT,2134,640200,
Small Business,United States of America,VTT,808,242400,
Government,Canada,Amarilla,708,14160,
Government,United States of America,Amarilla,2907,20349,
Government,Germany,Amarilla,1366,27320,
Small Business,Mexico,Amarilla,2460,738000,
Government,Germany,Amarilla,1520,30400,
Midmarket,Germany,Amarilla,711,10665,
Channel Partners,Mexico,Amarilla,1375,16500,
Small Business,Mexico,Amarilla,635,190500,
Government,United States of America,VTT,437,8730,
Small Business,Canada,Carretera,1094,328200,
Channel Partners,Mexico,Carretera,367,4404,
Small Business,Canada,Montana,3803,1140750,
Government,France,Montana,1666,583100,
Small Business,France,Montana,322,96600,
Channel Partners,Canada,Montana,2321,27852,
Enterprise,France,Montana,1857,232125,
Government,Canada,Montana,1611,11277,
Enterprise,United States of America,Montana,2797,349625,
Small Business,Germany,Montana,334,100200,
Small Business,Mexico,Paseo,2565,769500,
Government,Mexico,Paseo,2417,845950,
Midmarket,United States of America,Paseo,3675,55125,
Small Business,Canada,Paseo,1094,328200,
Midmarket,France,Paseo,1227,18405,
Channel Partners,Mexico,Paseo,367,4404,
Small Business,France,Paseo,1324,397200,
Channel Partners,Germany,Paseo,1775,21300,
Enterprise,United States of America,Paseo,2797,349625,
Midmarket,Mexico,Velo,245,3675,
Small Business,Canada,Velo,3794,1138050,
Government,Germany,Velo,1307,457450,
Enterprise,Canada,Velo,567,70875,
Enterprise,Mexico,Velo,2110,263750,
Government,Canada,Velo,1269,444150,
Channel Partners,United States of America,VTT,1956,23472,
Small Business,Germany,VTT,2659,797700,
Government,United States of America,VTT,1352,473025,
Channel Partners,Germany,VTT,880,10560,
Small Business,United States of America,VTT,1867,560100,
Channel Partners,France,VTT,2234,26808,
Midmarket,France,VTT,1227,18405,
Enterprise,Mexico,VTT,877,109625,
Government,United States of America,Amarilla,2071,724850,
Government,Canada,Amarilla,1269,444150,
Midmarket,Germany,Amarilla,970,14550,
Government,Mexico,Amarilla,1694,33880,
Government,Germany,Carretera,663,13260,
Government,Canada,Carretera,819,5733,
Channel Partners,Germany,Carretera,1580,18960,
Government,Mexico,Carretera,521,3647,
Government,United States of America,Paseo,973,19460,
Government,Mexico,Paseo,1038,20760,
Government,Germany,Paseo,360,2520,
Channel Partners,France,Velo,1967,23604,
Midmarket,Mexico,Velo,2628,39420,
Government,Germany,VTT,360,2520,
Government,France,VTT,2682,53640,
Government,Mexico,VTT,521,3647,
Government,Mexico,Amarilla,1038,20760,
Midmarket,Canada,Amarilla,1631,24457.5,
Channel Partners,France,Amarilla,306,3672,
Channel Partners,United States of America,Carretera,386,4632,
Government,United States of America,Montana,2328,16296,
Channel Partners,United States of America,Paseo,386,4632,
Enterprise,United States of America,Carretera,3446,430687.5,
Enterprise,France,Carretera,1482,185250,
Government,United States of America,Montana,2313,809550,
Enterprise,United States of America,Montana,1804,225500,
Midmarket,France,Montana,2072,31080,
Government,France,Paseo,1954,39080,
Small Business,Mexico,Paseo,591,177300,
Midmarket,France,Paseo,2167,32505,
Government,Germany,Paseo,241,4820,
Midmarket,Germany,Velo,681,10215,
Midmarket,Germany,Velo,510,7650,
Midmarket,United States of America,Velo,790,11850,
Government,France,Velo,639,223650,
Enterprise,United States of America,Velo,1596,199500,
Small Business,United States of America,Velo,2294,688200,
Government,Germany,Velo,241,4820,
Government,Germany,Velo,2665,18655,
Enterprise,Canada,Velo,1916,239500,
Small Business,France,Velo,853,255900,
Enterprise,Mexico,VTT,341,42625,
Midmarket,Mexico,VTT,641,9615,
Government,United States of America,VTT,2807,982450,
Small Business,Mexico,VTT,432,129600,
Small Business,United States of America,VTT,2294,688200,
Midmarket,France,VTT,2167,32505,
Enterprise,Canada,VTT,2529,316125,
Government,Germany,VTT,1870,654500,
Enterprise,United States of America,Amarilla,579,72375,
Government,Canada,Amarilla,2240,784000,
Small Business,United States of America,Amarilla,2993,897900,
Channel Partners,Canada,Amarilla,3521,42246,
Government,Mexico,Amarilla,2039,40780,
Channel Partners,Germany,Amarilla,2574,30888,
Government,Canada,Amarilla,707,247450,
Midmarket,France,Amarilla,2072,31080,
Small Business,France,Amarilla,853,255900,
Channel Partners,France,Carretera,1198,14376,
Government,France,Paseo,2532,17724,
Channel Partners,France,Paseo,1198,14376,
Midmarket,Canada,Velo,384,5760,
Channel Partners,Germany,Velo,472,5664,
Government,United States of America,VTT,1579,11053,
Channel Partners,Mexico,VTT,1005,12060,
Midmarket,United States of America,Amarilla,3200,47992.5,
Channel Partners,Germany,Amarilla,472,5664,
Channel Partners,Canada,Carretera,1937,23244,
Government,Germany,Carretera,792,277200,
Small Business,Germany,Carretera,2811,843300,
Enterprise,France,Carretera,2441,305125,
Midmarket,Canada,Carretera,1560,23400,
Government,Mexico,Carretera,2706,18942,
Government,Germany,Montana,766,268100,
Government,Germany,Montana,2992,59840,
Midmarket,Mexico,Montana,2157,32355,
Small Business,Canada,Paseo,873,261900,
Government,Mexico,Paseo,1122,22440,
Government,Canada,Paseo,2105,736575,
Channel Partners,Canada,Paseo,4026,48312,
Channel Partners,France,Paseo,2426,29106,
Government,Canada,Paseo,2394,47880,
Midmarket,Mexico,Paseo,1984,29760,
Enterprise,France,Paseo,2441,305125,
Government,Germany,Paseo,2992,59840,
Small Business,Canada,Paseo,1366,409800,
Government,France,Velo,2805,56100,
Midmarket,Mexico,Velo,655,9825,
Government,Mexico,Velo,344,120400,
Government,Canada,Velo,1808,12656,
Channel Partners,France,VTT,1734,20808,
Enterprise,Mexico,VTT,554,69250,
Government,Canada,VTT,2935,58700,
Enterprise,Germany,Amarilla,3165,395625,
Government,Mexico,Amarilla,2629,52580,
Enterprise,France,Amarilla,1433,179125,
Enterprise,Mexico,Amarilla,947,118375,
Government,Mexico,Amarilla,344,120400,
Midmarket,Mexico,Amarilla,2157,32355,
Government,United States of America,Paseo,380,2660,
Government,Mexico,Carretera,886,310100,
Enterprise,Canada,Carretera,2416,302000,
Enterprise,Mexico,Carretera,2156,269500,
Midmarket,Canada,Carretera,2689,40335,
Midmarket,United States of America,Montana,677,10155,
Small Business,France,Montana,1773,531900,
Government,Mexico,Montana,2420,16940,
Government,Canada,Montana,2734,19138,
Government,Mexico,Montana,1715,34300,
Small Business,France,Montana,1186,355800,
Small Business,United States of America,Paseo,3495,1048500,
Government,Mexico,Paseo,886,310100,
Enterprise,Mexico,Paseo,2156,269500,
Government,Mexico,Paseo,905,18100,
Government,Mexico,Paseo,1715,34300,
Government,France,Paseo,1594,557900,
Small Business,Germany,Paseo,1359,407700,
Small Business,Mexico,Paseo,2150,645000,
Government,Mexico,Paseo,1197,418950,
Midmarket,Mexico,Paseo,380,5700,
Government,Mexico,Paseo,1233,24660,
Government,Mexico,Velo,1395,488250,
Government,United States of America,Velo,986,345100,
Government,Mexico,Velo,905,18100,
Channel Partners,Canada,VTT,2109,25308,
Midmarket,France,VTT,3875,58117.5,
Government,Canada,VTT,623,218050,
Government,United States of America,VTT,986,345100,
Enterprise,United States of America,VTT,2387,298375,
Government,Mexico,VTT,1233,24660,
Government,United States of America,Amarilla,270,94500,
Government,France,Amarilla,3422,23950.5,
Government,Canada,Amarilla,2734,19138,
Midmarket,United States of America,Amarilla,2548,38220,
Government,France,Carretera,2522,50430,
Channel Partners,Mexico,Montana,2661,31932,
Government,Germany,Paseo,1531,30620,
Government,France,VTT,1491,10437,
Government,Germany,VTT,1531,30620,
Channel Partners,Canada,Amarilla,2761,33132,
Midmarket,United States of America,Carretera,2567,38505,
Midmarket,United States of America,VTT,2567,38505,
Government,Canada,Carretera,923,323050,
Government,France,Carretera,1790,626500,
Government,Germany,Carretera,442,8840,
Government,United States of America,Montana,983,343875,
Government,United States of America,Montana,1298,9086,
Channel Partners,Mexico,Montana,604,7248,
Government,Mexico,Montana,2255,45100,
Government,Canada,Montana,1249,24980,
Government,United States of America,Paseo,1439,10069.5,
Small Business,Germany,Paseo,807,242100,
Government,United States of America,Paseo,2641,52820,
Government,Germany,Paseo,2708,54160,
Government,Canada,Paseo,2632,921200,
Enterprise,Canada,Paseo,1583,197875,
Channel Partners,Mexico,Paseo,571,6852,
Government,France,Paseo,2696,18872,
Midmarket,Canada,Paseo,1565,23475,
Government,Canada,Paseo,1249,24980,
Government,Germany,Paseo,357,124950,
Channel Partners,Germany,Paseo,1013,12156,
Midmarket,France,Velo,3998,59962.5,
Government,Canada,Velo,2632,921200,
Government,France,Velo,1190,8330,
Channel Partners,Mexico,Velo,604,7248,
Midmarket,Germany,Velo,660,9900,
Channel Partners,Mexico,Velo,410,4920,
Small Business,Mexico,Velo,2605,781500,
Channel Partners,Germany,Velo,1013,12156,
Enterprise,Canada,VTT,1583,197875,
Midmarket,Canada,VTT,1565,23475,
Enterprise,Canada,Amarilla,1659,207375,
Government,France,Amarilla,1190,8330,
Channel Partners,Mexico,Amarilla,410,4920,
Channel Partners,Germany,Amarilla,1770,21240,
Government,Mexico,Carretera,2579,51580,
Government,United States of America,Carretera,1743,34860,
Government,United States of America,Carretera,2996,20972,
Government,Germany,Carretera,280,1960,
Government,France,Montana,293,2051,
Government,United States of America,Montana,2996,20972,
Midmarket,Germany,Paseo,278,4170,
Government,Canada,Paseo,2428,48560,
Midmarket,United States of America,Paseo,1767,26505,
Channel Partners,France,Paseo,1393,16716,
Government,Germany,VTT,280,1960,
Channel Partners,France,Amarilla,1393,16716,
Channel Partners,United States of America,Amarilla,2015,24180,
Small Business,Mexico,Carretera,801,240300,
Enterprise,France,Carretera,1023,127875,
Small Business,Canada,Carretera,1496,448800,
Small Business,United States of America,Carretera,1010,303000,
Midmarket,Germany,Carretera,1513,22695,
Midmarket,Canada,Carretera,2300,34500,
Enterprise,Mexico,Carretera,2821,352625,
Government,Canada,Montana,2228,779625,
Government,Germany,Montana,1199,419650,
Government,Canada,Montana,200,70000,
Government,Canada,Montana,388,2716,
Government,Mexico,Montana,1727,12089,
Midmarket,Canada,Montana,2300,34500,
Government,Mexico,Paseo,260,5200,
Midmarket,Canada,Paseo,2470,37050,
Midmarket,Canada,Paseo,1743,26145,
Channel Partners,United States of America,Paseo,2914,34968,
Government,France,Paseo,1731,12117,
Government,Canada,Paseo,700,245000,
Channel Partners,Canada,Paseo,2222,26664,
Government,United States of America,Paseo,1177,411950,
Government,France,Paseo,1922,672700,
Enterprise,Mexico,Velo,1575,196875,
Government,United States of America,Velo,606,12120,
Small Business,United States of America,Velo,2460,738000,
Small Business,Canada,Velo,269,80700,
Small Business,Germany,Velo,2536,760800,
Government,Mexico,VTT,2903,20321,
Small Business,United States of America,VTT,2541,762300,
Small Business,Canada,VTT,269,80700,
Small Business,Canada,VTT,1496,448800,
Small Business,United States of America,VTT,1010,303000,
Government,France,VTT,1281,448350,
Small Business,Canada,Amarilla,888,266400,
Enterprise,United States of America,Amarilla,2844,355500,
Channel Partners,France,Amarilla,2475,29700,
Midmarket,Canada,Amarilla,1743,26145,
Channel Partners,United States of America,Amarilla,2914,34968,
Government,France,Amarilla,1731,12117,
Government,Mexico,Amarilla,1727,12089,
Midmarket,Mexico,Amarilla,1870,28050,
Enterprise,France,Carretera,1174,146750,
Enterprise,Germany,Carretera,2767,345875,
Enterprise,Germany,Carretera,1085,135625,
Small Business,Mexico,Montana,546,163800,
Government,Germany,Paseo,1158,23160,
Midmarket,Canada,Paseo,1614,24210,
Government,Mexico,Paseo,2535,17745,
Government,Mexico,Paseo,2851,997850,
Midmarket,Canada,Paseo,2559,38385,
Government,United States of America,Paseo,267,5340,
Enterprise,Germany,Paseo,1085,135625,
Midmarket,Germany,Paseo,1175,17625,
Government,United States of America,Paseo,2007,702450,
Government,Mexico,Paseo,2151,752850,
Channel Partners,United States of America,Paseo,914,10968,
Government,France,Paseo,293,5860,
Channel Partners,Mexico,Velo,500,6000,
Midmarket,France,Velo,2826,42390,
Enterprise,France,Velo,663,82875,
Small Business,United States of America,Velo,2574,772200,
Enterprise,United States of America,Velo,2438,304750,
Channel Partners,United States of America,Velo,914,10968,
Government,Canada,VTT,866,17310,
Midmarket,Germany,VTT,492,7380,
Government,United States of America,VTT,267,5340,
Midmarket,Germany,VTT,1175,17625,
Enterprise,Canada,VTT,2954,369250,
Enterprise,Germany,VTT,552,69000,
Government,France,VTT,293,5860,
Small Business,France,Amarilla,2475,742500,
Small Business,Mexico,Amarilla,546,163800,
Government,Mexico,Montana,1368,9576,
Government,Canada,Paseo,723,5061,
Channel Partners,United States of America,VTT,1806,21672,
